meta_id,Study,n_controls,n_death,HR,95%CI_Low,95%CI_Up,loghr,seloghr,log95%CI_Low,log95%CI_Up,CRC Outcomes
1,"SUNSHINE, 2019",139,111,0.64,0.01,0.9,-0.4462871026,1.14791063,-4.605170186,-0.1053605157,HR = 0.64 (95% CI 0.01–0.90)
2,"AMATERASU, 2019",201,NA,0.69,0.39,1.24,-0.3710636814,0.2950816121,-0.9416085399,0.2151113796,HR = 0.69 (95% CI 0.39–1.24)
3,"Trivedi et al, 2003",55,18,0.62,0.24,1.6,-0.4780358009,0.4839591798,-1.427116356,0.4700036292,HR = 0.62 (95% CI 0.24–1.60)
4,"WHI, 2006",322,75,0.82,0.52,1.29,-0.1984509387,0.231777726,-0.6539264674,0.2546422184,HR = 0.82 (95% CI 0.52–1.29)
5,"VITAL, 2019",98,25,0.79,0.36,1.75,-0.2357223335,0.4033844478,-1.021651248,0.5596157879,HR = 0.79 (95% CI 0.36–1.75)